name;normal_prod;capacity;aggregates;turbine_type;station;height;Vattenf;mean_runoff;magasin;river;location;community;region;Lat;Long
Stornorrfors;2256073;599400;5;Francis;Underjordsanläggning;75;1045;440;;Umeälven;Umeå;Umeå;Västerbottens;63.85361;20.04945
Harsprånget;2131000;977000;5;Francis;Underjordsanläggning;107;1119;275;6;Luleälven;Porjus;Jokkmokks;Norrbottens;66.88498;19.82726
Letsi;1857388;456000;3;Francis;Underjordsanläggning;135;369;181;67;Luleälven;Vuollerim;Jokkmokks;Norrbottens;66.50416;20.38157
Messaure;1851441;446100;3;Francis;Underjordsanläggning;87;615;278;53;Luleälven;Vuollerim;Jokkmokks;Norrbottens;66.69241;20.34818
Ligga;1655788;326750;3;Kaplan;Underjordsanläggning;40;1087;277;6;Luleälven;Porjus;Jokkmokks;Norrbottens;66.81001;19.89609
Krångede;1622400;248400;6;Francis;Underjordsanläggning;60;500;383;60;Indalsälven;Hammarstrand;Ragunda;Jämtlands;63.14625;16.07399
Trollhättan (Olidan & Hojum);1260000;249000;16;13 Francis, 3 Kaplan;Ovanjordsanläggning;32;1040;540;;Göta älv;Trollhättan;Trollhättans;Västra Götalands;58.27528;12.27260
Porjus;1234316;480600;2;Francis;Underjordsanläggning;60;930;274;610;Luleälven;Porjus;Jokkmokks;Norrbottens;66.95849;19.80478
Porsi;1147886;274000;3;2 Kaplan, 1 Propellerturbin;Ovanjordsanläggning;33;950;460;;Luleälven;Vuollerim;Jokkmokks;Norrbottens;66.42881;20.65313
Vietas;1123970;306000;2;Francis;Ovanjordsanläggning;83;530;234;7260;Luleälven;Stora Sjöfallet;Gällivare;Norrbottens;67.48893;18.35150
Lasele;1001810;149600;2;Kaplan;Underjordsanläggning;54;330;189;;Ångermanälven;Näsåker;Sollefteå;Västernorrlands;63.55558;16.82307
Hjälta;983000;178000;3;Francis;Underjordsanläggning;82;270;170;;Faxälven;Långsele;Sollefteå;Västernorrlands;63.18379;17.09765
Kilforsen;970000;288000;3;Francis;Underjordsanläggning;99;350;131;;Fjällsjöälven;Näsåker;Sollefteå;Västernorrlands;63.54153;16.76265
Harrsele;950000;223000;3;Francis;Underjordsanläggning;54.5;450;237;;Umeälven;Harrsele;Vännäs;Västerbottens;64.01862;19.56166
Ramsele;869000;157000;3;Francis;Underjordsanläggning;79.2;240;155;;Faxälven;Nässjö;Sollefteå;Västernorrlands;63.58352;16.33112
Laxede;855000;200000;3;Kaplan;Ovanjordsanläggning;25.4;980;470;;Luleälven;Edefors;Bodens;Norrbottens;66.22394;20.86118
Stadsforsen;841288;132550;3;Kaplan;Ovanjordsanläggning;28.5;580;433;;Indalsälven;Bispgården;Ragunda;Jämtlands;62.97895;16.65777
Seitevare;787000;225000;1;Francis;Underjordsanläggning;180;135;58;1650;Luleälven;Tjåmotis;Jokkmokks;Norrbottens;66.97728;18.58330
Bergeforsen;735000;168000;4;Kaplan;Ovanjordsanläggning;23;840;444;;Indalsälven;Timrå;Timrås;Västernorrlands;62.52085;17.38630
Forsmo;730000;160000;4;Kaplan;Underjordsanläggning;34;600;320;;Ångermanälven;Sollefteå;Sollefteå;Västernorrlands;63.27114;17.20023
Midskog;725000;150000;3;Kaplan;Ovanjordsanläggning;27;640;373;53;Indalsälven;Midskog;Ragunda;Jämtlands;63.23974;15.23656
Hölleforsen;720000;148000;3;Kaplan;Ovanjordsanläggning;25;720;430;;Indalsälven;Utanede;Ragunda;Jämtlands;62.95081;16.66838
Gallejaur;705000;219000;2;Francis;Underjordsanläggning;80;;;;Skellefteälven;Högberg;Norsjö;Västerbottens;65.12714;19.46665
Trängslet;680000;330000;3;Francis;Underjordsanläggning;142;275;65;880;Dalälven;Åsen;Älvdalens;Dalarnas;61.38124;13.72358
Moforsen;641000;135000;3;Kaplan;Ovanjordsanläggning;28.1;600;320;;Ångermanälven;Resele;Sollefteå;Västernorrlands;63.36794;16.98724
Nämforsen;604151;114600;3;Kaplan;Nedgrävd anläggning;22;600;320;;Ångermanälven;Näsåker;Sollefteå;Västernorrlands;63.44011;16.88076
Akkats;591000;150000;2;Kaplan;Underjordsanläggning;46;450;176;42;Luleälven;Jokkmokk;Jokkmokks;Norrbottens;66.63151;19.81996
Bastusel;557473;120000;1;Francis;Underjordsanläggning;71;170;110.7;;Skellefteälven;Malå;Malå;Västerbottens;65.40503;18.67153
Hammarforsen;549276;79000;5;2 Francis, 3 Kaplan;Ovanjordsanläggning;19.5;485;424;;Indalsälven;Ragunda;Ragunda;Jämtlands;63.11413;16.35622
Stalon;548068;130200;1;Francis;Underjordsanläggning;199;65;38;665;Ångermanälven;Malgomaj;Vilhelminas;Västerbottens;64.94545;15.82789
Storfinnforsen;536000;132000;3;Francis;Underjordsanläggning;49.5;270;151;;Faxälven;Ramsele;Sollefteå;Västernorrlands;63.59839;16.12468
Höljes;530000;127000;2;Francis;Underjordsanläggning;88;167;94;270;Klarälven;Höljes;Torsby;Värmlands;60.95100;12.54343
Krokströmmen;522000;113000;3;2 Francis, 1 Kaplan;Underjordsanläggning;60;200;130;;Ljusnan;Ytterhogdal;Härjedalens;Jämtlands;62.04126;14.89985
Gammelänge;515000;69000;3;Kaplan;Ovanjordsanläggning;19;500;383;;Indalsälven;Hammarstrand;Ragunda;Jämtlands;63.14247;16.16082
Älvkarleby;510000;125000;6;5 Francis, 1 Kaplan;Ovanjordsanläggning;23;700;342;;Dalälven;Älvkarleby;Älvkarleby;Uppsala;60.56368;17.44205
Kvistforsen;500000;140000;2;Kaplan;Underjordsanläggning;51;;160;;Skellefteälven;Skellefteå;Skellefteå;Västerbottens;64.74468;20.86256
Bålforsen;495000;88000;2;Kaplan;Underjordsanläggning;31.1;305;217;;Umeälven;Lycksele;Lycksele;Västerbottens;64.65341;18.48462
Grundfors;492002;103500;2;Kaplan;Underjordsanläggning;35.3;330;192;;Umeälven;Storuman;Storumans;Västerbottens;64.96205;17.57875
Ritsem;491023;304000;1;Francis;Underjordsanläggning;173;240;40;600;Luleälven;Ritsem;Gällivare;Norrbottens;67.72921;17.48511
Boden;455000;78000;2;Kaplan;Ovanjordsanläggning;13;720;514;;Luleälven;Boden;Bodens;Norrbottens;65.80888;21.67136
Vargfors;452162;122100;2;1 Kaplan, 1 Francis;Underjordsanläggning;49;;;;Skellefteälven;Bjurträsk;Norsjö;Västerbottens;65.02145;19.68668
Järkvissle;451369;96500;2;Kaplan;Ovanjordsanläggning;14;720;437;;Indalsälven;Järkvissle;Sundsvalls;Västernorrlands;62.79714;16.66350
Tuggen;441000;110000;2;Kaplan;Ovanjordsanläggning;27.5;480;227;;Umeälven;Lycksele;Lycksele;Västerbottens;64.47282;18.87829
Långbjörn;430669;96900;2;Kaplan;Ovanjordsanläggning;34;330;181;;Ångermanälven;Näsåker;Sollefteå;Västernorrlands;63.63652;16.77613
Svarthålsforsen;430000;80000;3;Kaplan;Ovanjordsanläggning;15;525;430;0;Indalsälven;Bispgården;Ragunda;Jämtlands;63.02853;16.57131
Korsselbränna;428000;130000;2;Francis;Underjordsanläggning;112;120;54;291;Fjällsjöälven;Norråker;Strömsunds;Jämtlands;64.45855;15.54007
Järnvägsforsen;420000;100000;2;Francis;Underjordsanläggning;86.8;145;68;192;Ljungan;Alby;Ånge;Västernorrlands;62.48846;15.55735
Järpströmmen;415000;114000;3;Francis;Underjordsanläggning;66;220;88;502;Indalsälven;Järpbyn;Åre;Jämtlands;63.39022;13.38425
Umluspen;401000;94000;2;Kaplan;Underjordsanläggning;35;340;180;1100;Umeälven;Storuman;Storumans;Västerbottens;65.09453;17.09968
Långå;400000;156000;2;Francis;Underjordsanläggning;217;110;37;784;Ljusnan;Hede;Härjedalens;Jämtlands;62.46369;13.08091
Sällsjö;350000;160000;2;Francis;Underjordsanläggning;194;110;24;700;Indalsälven;Sällsjön;Åre;Jämtlands;63.22401;13.67617
Torpshammar;350000;110000;2;Francis;Underjordsanläggning;123;110;39;;Gimån;Torpshammar;Ånge;Västernorrlands;62.50868;16.37935
Näverede;348833;75600;2;Kaplan;Ovanjordsanläggning;13;660;374;;Indalsälven;Stugun;Ragunda;Jämtlands;63.22257;15.32281
Bjurfors Nedre;348000;78000;3;Kaplan;Ovanjordsanläggning;20;450;232;;Umeälven;Bjurfors;Vindelns;Västerbottens;64.10308;19.56946
Dönje;340000;72000;3;Kaplan;Underjordsanläggning;33.4;240;180;;Ljusnan;Bollnäs;Bollnäs;Gävleborgs;61.39656;16.40417
Olden;340000;116000;2;Francis;Underjordsanläggning;261;65;20.3;178;Långan;Olden;Krokoms;Jämtlands;63.74985;13.54035
Hällby;340000;84000;1;Kaplan;Ovanjordsanläggning;29;325;169;;Ångermanälven;Gulsele;Sollefteå;Västernorrlands;63.88423;17.19474
Laforsen;330000;57000;3;2 Francis, 1 Kaplan;Ovanjordsanläggning;35;190;149;;Ljusnan;Laforsen;Ljusdals;Gävleborgs;61.94384;15.49787
Edsele;328000;60000;2;Kaplan;Underjordsanläggning;28;240;157;;Faxälven;Edsele;Sollefteå;Västernorrlands;63.40456;16.55755
Gulsele;327987;66200;3;Kaplan;Underjordsanläggning;29;275;172;;Ångermanälven;Gulsele;Sollefteå;Västernorrlands;63.81490;17.12370
Edensforsen;321557;71350;2;Kaplan;Underjordsanläggning;28;280;175;;Ångermanälven;Junsele;Sollefteå;Västernorrlands;63.68359;17.00826
Hissmofors V/VI;320000;68000;3;Kaplan;Ovanjordsanläggning;18;440;237;1254;Indalsälven;Hissmofors;Krokoms;Jämtlands;63.33212;14.46795
Krångfors;320000;65000;3;2 Francis, 1 Kaplan;Ovanjordsanläggning;29.9;240;;;Skellefteälven;Boliden;Skellefteå;Västerbottens;64.75505;20.48948
Degerforsen;295000;63000;2;Kaplan;Ovanjordsanläggning;24;300;174;;Ångermanälven;Junsele;Sollefteå;Västernorrlands;63.74223;17.02633
Sollefteå;295000;62000;3;Kaplan;Ovanjordsanläggning;9.2;790;490;;Ångermanälven;Sollefteå;Sollefteå;Västernorrlands;63.17148;17.26396
Båtfors;294194;72900;3;Kaplan;Ovanjordsanläggning;16.9;326;;;Skellefteälven;Boliden;Skellefteå;Västerbottens;64.83197;20.22507
Gardikfors;287000;60000;1;Kaplan;Underjordsanläggning;43;170;121;871;Umeälven;Tärnaby;Storumans;Västerbottens;65.47697;15.85652
Ajaure;280000;75000;1;Diagonalturbin/deriazturbin;Underjordsanläggning;55;170;95;209;Umeälven;Tärnaby;Storuman;Västerbottens;65.50835;15.62386
Kattstrupeforsen;280000;56000;3;Kaplan;Ovanjordsanläggning;18;420;238;;Indalsälven;Krokom;Krokoms;Jämtlands;63.32658;14.58160
Norränge;280000;50000;2;Kaplan;Underjordsanläggning;21.5;240;177;40;Ljusnan;Arbrå;Bollnäs;Gävleborgs;61.47744;16.38864
Långhag;275000;49000;2;Kaplan;Ovanjordsanläggning;13;480;317;117;Dalälven;Solvarbo;Säters;Dalarnas;60.39640;15.71401
Ljunga;270000;59000;2;Francis;Underjordsanläggning;53;145;76;;Ljungan;Ljungaverk;Ånge;Västernorrlands;62.50166;16.01839
Gejmån;265000;65700;1;Francis;Ovanjordsanläggning;250.5;29;13.8;9;Umeälven;Storuman;Storumans;Västerbottens;65.57209;15.18169
Selsforsen;260000;62000;2;Kaplan;Nedgrävd anläggning;22.2;300;;;Skellefteälven;Skellefteå;Skellefteå;Västerbottens;64.74146;20.63252
Stensele;259704;64000;1;Kaplan;Ovanjordsanläggning;19.3;310;188;;Umeälven;Storuman;Storumans;Västerbottens;65.05475;17.23223
Trångforsen;258000;73000;1;Francis;Underjordsanläggning;81;115;42;20;Ljungan;Åsarna;Bergs;Jämtlands;62.60869;14.30718
Långströmmen;255000;52000;2;Kaplan;Underjordsanläggning;31;180;131;;Ljusnan;Ytterhogdal;Härjedalens;Jämtlands;62.11126;15.00389
Untra;250000;42000;5;Francis;Ovanjordsanläggning;14;420;339;;Dalälven;Mehedeby;Tierps;Uppsala;60.43903;17.33901
Ljusne Strömmar;245000;36400;2;Kaplan;Ovanjordsanläggning;16;240;233;;Ljusnan;Ljusne;Söderhamns;Gävleborgs;61.21242;17.08181
Finnforsen;240000;44000;2;2 st Kaplan;Ovanjordsanläggning;20.7;300;174;;Skellefteälven;Boliden;Skellefteå;Västerbottens;64.79176;20.33505
Pengfors;240000;52000;3;Kaplan;Ovanjordsanläggning;15.5;450;237;;Umeälven;Vännäs;Vännäs;Västerbottens;63.93020;19.66208
Rätan;238000;60000;2;Francis;Underjordsanläggning;61;125;51;;Ljungan;Rätan;Bergs;Jämtlands;62.48925;14.62541
Skedvi;235000;38000;2;Kaplan;Ovanjordsanläggning;11;440;320;;Dalälven;Stora Skedvi;Säters;Dalarnas;60.39440;15.84415
Stenkullafors;235000;58000;1;Kaplan;Ovanjordsanläggning;24;285;141;;Ångermanälven;Åsele;Åsele;Västerbottens;64.28757;17.24534
Bullerforsen;229000;47000;2;Kaplan;Ovanjordsanläggning;12.2;500;276;;Dalälven;Borlänge;Borlänge;Dalarnas;60.50910;15.43808
Randi;226680;85000;1;Kaplan;Ovanjordsanläggning;25;485;128;98;Luleälven;Klubbudden;Jokkmokks;Norrbottens;66.70907;19.53330
Lanforsen;215000;44000;4;Kaplan;Ovanjordsanläggning;10;620;342;;Dalälven;Älvkarleö;Älvkarleby;Uppsala;60.53081;17.41603
Forsse;210000;52000;2;Kaplan;Ovanjordsanläggning;20;300;166;;Faxälven;Långsele;Sollefteå;Västernorrlands;63.15432;17.02055
Lilla Edet;210000;43000;4;1 Kaplan, 1 Semikaplan, 1 Lawaczeck, 1 Rörkaplan;1 Turbin underjord, resten ovan jord;7.3;842;;;Göta älv;Lilla Edet;Lilla Edets;Västra Götalands;58.13714;12.12082
Forshuvudforsen;209000;44000;4;1 Francis, 3 Kaplan;Ovanjordsanläggning;10.7;500;276;;Dalälven;Borlänge;Borlänge;Dalarnas;60.53577;15.42348
Mörsil;205000;40000;2;Kaplan;Ovanjordsanläggning;18;320;158;;Indalsälven;Mörsil;Åre;Jämtlands;63.29700;13.68849
Stensjön;204000;95000;1;Francis;Underjordsanläggning;318;36;8.5;173;Hårkan;Rörvattnet;Krokoms;Jämtlands;63.97457;13.88128
Mockfjärd;204000;43000;2;Francis;Underjordsanläggning;27;190;122;;Dalälven;Mockfjärd;Gagnef;Dalarnas;60.48355;14.89783
Blåsjön;201000;60000;1;Francis;Underjordsanläggning;90;80;33;490;Faxälven;Gäddede;Strömsunds;Jämtlands;64.67703;14.09442
Linnvasselv;200000;73000;2;Francis;Underjordsanläggning;108;52.5;25;560;Faxälven;Gäddede;Strömsunds;Jämtlands;64.64831;13.76117
Rengård;200000;35000;1;Kaplan;Ovanjordsanläggning;19.3;220;;;Skellefteälven;Rengård;Norsjö;Västerbottens;64.93176;20.02204
Granfors;195000;40000;2;Kaplan;Ovanjordsanläggning;18.6;240;;;Skellefteälven;Boliden;Skellefteå;Västerbottens;64.77948;20.41557
Höljebro gamla (G3);195000;39000;1;Kaplan;Ovanjordsanläggning;15;300;233;26;Ljusnan;Höljebro;Söderhamns;Gävleborgs;61.23743;17.01283
Skallböle;195000;46000;3;Kaplan;Ovanjordsanläggning;21.5;265;132;;Ljungan;Matfors;Sundsvalls;Västernorrlands;62.36402;16.96225
Bjurfors Övre;194000;42000;3;Kaplan;Ovanjordsanläggning;11.5;450;232;;Umeälven;Bjurfors;Vindelns;Västerbottens;64.15567;19.50367
Grytfors;189000;37000;1;Kaplan;Ovanjordsanläggning;22.4;165;;;Skellefteälven;Malå;Malå;Västerbottens;65.28506;19.16870
Sikfors;185000;40000;2;Kaplan;Ovanjordsanläggning;19.5;250;;0;Piteälven;Sikfors;Piteå;Norrbottens;65.53437;21.21328
Rusfors;184000;45000;1;Kaplan;Ovanjordsanläggning;12.3;450;216;75;Umeälven;Umgransele;Lycksele;Västerbottens;64.71402;18.25514
Stugun;181000;41000;2;Kaplan;Ovanjordsanläggning;7.3;640;377;;Indalsälven;Stugun;Ragunda;Jämtlands;63.16397;15.62148
Vittjärv;175000;30000;3;Rörturbin;Ovanjordsanläggning;6;690;475;;Luleälven;Boden;Bodens;Norrbottens;65.84538;21.55406
Avesta Storfors;170000;24000;1;Kaplan;Ovanjordsanläggning;9.4;500;325;;Dalälven;Avesta;Avesta;Dalarnas;60.15079;16.16933
Parteboda;170000;35000;2;Francis;Underjordsanläggning;34;140;72;;Ljungan;Ånge;Ånge;Västernorrlands;62.51824;15.69020
Vargön;165000;34000;3;2 Kaplan, 1 Rörkaplan;Ovanjordsanläggning;5.2;1000;520;9400;Göta älv;Vargön;Vänersborgs;Västra Götalands;58.35592;12.37480
Spjutmo;165000;35000;1;Kaplan;Ovanjordsanläggning;22;210;91;;Dalälven;Spjutmo;Mora;Dalarnas;61.08361;14.32286
Öjeforsen;160000;27000;1;Kaplan;Ovanjordsanläggning;16;190;143;;Ljusnan;Kårböle;Ljusdals;Gävleborgs;62.02178;15.25759
Sveg;155000;36000;1;Kaplan;Ovanjordsanläggning;19;200;120;237;Ljusnan;Sveg;Härjedalens;Jämtlands;62.02659;14.28703
Storåströmmen;150000;25000;2;Kaplan;Ovanjordsanläggning;17;180;142;;Ljusnan;Ytterhogdal;Härjedalens;Jämtlands;62.07881;15.10943
Betsele;145000;25000;2;Kaplan;Ovanjordsanläggning;9.5;320;217;;Umeälven;Lycksele;Lycksele;Västerbottens;64.63047;18.62715
Riebnes;142000;64000;1;Francis;Underjordsanläggning;88;;;;Skellefteälven;Ringselet;Arjeplogs;Norrbottens;66.40194;17.33068
Lövön;140000;36000;2;Rörturbin;Ovanjordsanläggning;14;300;142;495;Faxälven;Vågdalen;Strömsunds;Jämtlands;63.74784;15.69665
Munkfors;140000;33000;2;Kaplan;Ovanjordsanläggning;17;;;;Klarälven;Munkfors;Munkfors;Värmlands;59.84695;13.53928
Åsen;140000;24000;1;Kaplan;Nedgrävd anläggning;27;130;68;;Dalälven;Åsen;Älvdalens;Dalarnas;61.28256;13.76062
Hällforsen;130000;22000;2;Kaplan;Ovanjordsanläggning;7.8;320;223;;Umeälven;Lycksele;Lycksele;Västerbottens;64.58500;18.68992
Karsefors;129000;31400;2;Francis;Ovanjordsanläggning;25.6;155;;;Lagan;Laholm;Laholms;Hallands;56.49907;13.10821
Borgforsen;126000;26000;2;Kaplan;Ovanjordsanläggning;15.4;210;116;;Fjällsjöälven;Rossön;Strömsunds;Jämtlands;63.95485;16.37157
Avesta Lillfors;125000;22000;2;Rörturbin;Ovanjordsanläggning;5;500;325;;Dalälven;Avesta;Avesta;Dalarnas;60.14802;16.18649
Gråda;125000;24000;2;Kaplan;Ovanjordsanläggning;12;270;154;658;Dalälven;Djura;Leksands;Dalarnas;60.60390;15.01540
Granboforsen;120000;24000;2;Rörturbin;Ovanjordsanläggning;6;450;238;;Indalsälven;Lit;Östersunds;Jämtlands;63.30543;14.70375
Näs;120000;19000;2;Rörturbin;Ovanjordsanläggning;5;480;328;;Dalälven;Näs bruk;Avesta;Dalarnas;60.17366;16.47684
Sädva;119000;31000;1;Francis;Underjordsanläggning;51;70;34;600;Skellefteälven;Ringselet;Arjeplogs;Norrbottens;66.42404;16.84215
Åsele;116000;27000;1;Rörturbin;Ovanjordsanläggning;11;300;157;4;Ångermanälven;Åsele;Åsele;Västerbottens;64.10091;17.29208
Junsterforsen;115000;30000;1;Kaplan;Underjordsanläggning;34;120;45;160;Faxälven;Gäddede;Strömsunds;Jämtlands;64.56201;14.13417
Holmen;112000;29000;1;Kaplan;Underjordsanläggning;18;;;;Motala Ström;Norrköping;Norrköpings;Östergötlands;58.58895;16.17280
Alfta;110000;32400;2;Francis;Underjordsanläggning;61.2;63;33;;Voxnan;Alfta;Ovanåkers;Gävleborgs;61.34616;16.00307
Forshult;110000;24000;3;Kaplan;Ovanjordsanläggning;12;;;;Klarälven;Råda;Hagfors;Värmlands;59.95631;13.52572
Kvarnsveden;110000;61000;2;Kaplan;Ovanjordsanläggning;14;500;276;;Dalälven;Borlänge;Borlänge;Dalarnas;60.52428;15.42507
Höljebro (G4);110000;24000;1;Kaplan;Ovanjordsanläggning;15;300;233;26;Ljusnan;Höljebro;Söderhamns;Gävleborgs;61.23625;17.01098
Skymnäsforsen;110000;15600;2;Kaplan;Ovanjordsanläggning;12;;;;Klarälven;Skymnäs;Hagfors;Värmlands;59.94487;13.53169
Bergvik;107000;16200;2;Kaplan;Ovanjordsanläggning;8.3;240;231;50;Ljusnan;Bergvik;Söderhamns;Gävleborgs;61.25897;16.83156
Domnarvet;100000;22000;2;Kaplan;Ovanjordsanläggning;7;400;276;;Dalälven;Borlänge;Borlänge;Dalarnas;60.49555;15.45461
Hylte;100000;26000;2;Kaplan;Underjordsanläggning;63;;;;Nissan;Hyltebruk;Hylte;Hallands;56.97726;13.16447
Klippen;100000;27000;1;Francis;Underjordsanläggning;65;50;23;357;Umeälven;Tärnaby;Storumans;Västerbottens;65.88915;14.99068
Ljusnefors;100000;14500;1;Rörturbin;Ovanjordsanläggning;7.1;300;233;;Ljusnan;Ljusne;Söderhamns;Gävleborgs;61.20618;17.12108
Söderfors;100000;20000;2;Rörturbin;Ovanjordsanläggning;5;500;338;;Dalälven;Söderfors;Tierps;Uppsala;60.38195;17.24167
Tåsan;100000;40000;1;Francis;Underjordsanläggning;269;;;9;Klarälven;Sysslebäck;Torsby;Värmlands;60.76666;12.84428
Dabbsjö;97000;26000;1;Francis;Underjordsanläggning;50;74;31;337;Fjällsjöälven;Rajastrand;Dorotea;Västerbottens;64.65148;15.34205
Gullspång;95000;40000;2;1 Francis, 1 Kaplan;Underjordsanläggning;23;;;;Gullspångsälven;Gullspång;Gullspångs;Västra Götalands;58.98735;14.11073
Bergvattnet;93000;21000;1;Francis;Underjordsanläggning;76;34;16.7;284;Fjällsjöälven;Norråker;Strömsunds;Jämtlands;64.54270;15.27221
Matfors;93000;21000;1;Rörturbin;Ovanjordsanläggning;10.1;250;134;;Ljungan;Matfors;Sundsvalls;Västernorrlands;62.34829;17.02654
Deje;90000;20000;7;Francis;Ovanjordsanläggning;11;;;;Klarälven;Deje;Forshaga;Värmlands;59.60712;13.47581
Juktan;90000;26000;1;Reversibelt;Underjordsanläggning;85;50;26;575;Umeälven;Sorsele;Sorsele;Västerbottens;65.29065;17.22826
Gideå;88000;17000;2;Francis;Långaxlad ovanjordsanläggning;42;50;;;Gideälven;Husum;Örnsköldsviks;Västernorrlands;63.47266;18.99301
Byarforsen;87000;16000;1;Kaplan;Ovanjordsanläggning;9.9;200;124;;Ljusnan;Sveg;Härjedalens;Jämtlands;62.04197;14.49545
Parki;85000;20000;1;Rörturbin;Ovanjordsanläggning;14;200;115;460;Luleälven;Randijaur;Jokkmokks;Norrbottens;66.74471;19.20429
Turinge;85000;18000;2;Kaplan;Ovanjordsanläggning;21;120;52;;Ljungan;Överturingen;Ånge;Västernorrlands;62.46074;14.84456
Halvfari;80000;24000;1;Kaplan;Ovanjordsanläggning;25;120;44;;Ljusnan;Hede;Härjedalens;Jämtlands;62.43420;13.44768
Skogaforsen;80000;15000;2;Kaplan;Ovanjordsanläggning;11;;;;Klarälven;Edebäck;Hagfors;Värmlands;60.04496;13.52661
Volgsjöfors;80000;20000;2;Rörturbin;Ovanjordsanläggning;8;280;134;;Ångermanälven;Volgsjöfors;Vilhelminas;Västerbottens;64.51956;16.74393
Malfors;79600;21000;2;Francis;Ovanjordsanläggning;28.5;105;41;;Motala Ström;Ljungsbro;Linköpings;Östergötlands;58.51519;15.49894
Björna;79000;17000;2;Francis;Ovanjordsanläggning;39;50;;;Gideälven;Björna;Örnsköldsviks;Västernorrlands;63.56375;18.59929
Viforsen;79000;10000;1;Rörturbin;Ovanjordsanläggning;7.8;165;138;;Ljungan;Kvissleby;Sundsvalls;Västernorrlands;62.30838;17.17754
Gideåbacka;77000;14000;2;Francis;Underjordsanläggning;34;50;;;Gideälven;Husum;Örnsköldsviks;Västernorrlands;63.35259;19.10447
Flåsjö;73000;20000;1;Francis;Underjordsanläggning;46;60;26;400;Ljungan;Börtnan;Bergs;Jämtlands;62.76375;13.72527
Gäddede;72000;22000;1;Rörturbin;Ovanjordsanläggning;15.7;175;83;625;Faxälven;Gäddede;Strömsunds;Jämtlands;64.50275;14.15086
Bågede;70809;13400;1;Rörturbin;Ovanjordsanläggning;8.8;170;110;130;Faxälven;Bågede;Strömsunds;Jämtlands;64.34320;14.81418
Blyberg;70000;15000;1;Kaplan;Ovanjordsanläggning;11;160;87;;Dalälven;Blyberg;Älvdalens;Dalarnas;61.14694;14.14578
Kvarnfallet;70000;17000;1;Francis;Underjordsanläggning;50;44;19.1;11;Hårkan;Rörvattnet;Krokoms;Jämtlands;63.96057;14.08309
Yngeredsfors;70000;18800;2;Francis;Ovanjordsanläggning;28.3;;;;Ätran;Askome;Falkenbergs;Hallands;57.03311;12.76065
Gidböle;69000;12000;2;Francis;Ovanjordsanläggning;31;50;;;Gideälven;Husum;Örnsköldsviks;Västernorrlands;63.40690;19.05412
Lottefors;67500;13760;5;4 Francis, 1 Kaplan;Ovanjordsanläggning;6.7;220;178;;Ljusnan;Arbrå;Bollnäs;Gävleborgs;61.42854;16.41872
Landafors;65000;11200;1;Rörturbin;Ovanjordsanläggning;5.5;300;224;;Ljusnan;Segersta;Bollnäs;Gävleborgs;61.27294;16.62415
Letten;65000;36000;2;Francis;Underjordsanläggning;191;;;;Klarälven;Sysslebäck;Torsby;Värmlands;60.74766;12.78163
Näsaforsen;65000;15000;1;Kaplan;Underjordsanläggning;16.2;90;76;147;Hårkan;Föllinge;Krokoms;Jämtlands;63.65161;14.67605
Nederede;65000;16000;2;Kaplan;Ovanjordsanläggning;8.2;245;123;;Ljungan;Stöde;Sundsvalls;Västernorrlands;62.41886;16.49752
Väsa;65000;15000;1;Kaplan;Ovanjordsanläggning;10.5;160;87;;Dalälven;Väsa;Älvdalens;Dalarnas;61.17456;14.09256
Jössefors;64000;26000;1;Kaplan;Ovanjordsanläggning;25;;;;Jösseälven;Jössefors;Arvika;Värmlands;59.67552;12.47528
Traryd;64000;14400;2;Kaplan;Ovanjordsanläggning;16.1;;;;Lagan;Strömsnäsbruk;Markaryds;Kronobergs;56.58233;13.74226
Juvuln;62000;14000;1;Rörturbin;Ovanjordsanläggning;12;150;57;269;Indalsälven;Kallsedet;Åre;Jämtlands;63.69948;12.95508
Hoting;62000;13000;1;Rörturbin;Ovanjordsanläggning;15;175;78;23;Fjällsjöälven;Hoting;Strömsunds;Jämtlands;64.05976;16.25593
Högfors;60000;14000;2;;Ovanjordsanläggning;12.6;120;84;;Hårkan;Lit;Östersunds;Jämtlands;63.36857;14.88267
Röjdåforsen;60000;31500;1;Francis;Underjordsanläggning;192;;;;Röjdan;Röjdåfors;Torsby;Värmlands;60.29416;12.70830
Sil;60000;12000;1;Rörturbin;Ovanjordsanläggning;7;240;122;;Fjällsjöälven;Sundsvall;Strömsunds;Jämtlands;63.73295;16.42222
Fjällsjö;57100;13000;1;Rörturbin;Ovanjordsanläggning;7;240;122;;Fjällsjöälven;Fjällsjö;Strömsunds;Jämtlands;63.78361;16.43304
Nissaström;56000;11200;2;Kaplan;Ovanjordsanläggning;29;;;;Nissan;Oskarström;Halmstads;Hallands;56.84213;13.00959
Torrön;55000;24000;1;Rörturbin;Ovanjordsanläggning;22;165;46;1178;Indalsälven;Överäng;Åre;Jämtlands;63.77145;13.06712
Skärblacka;55000;10500;2;Fullkaplan rörturbin;Ovanjordsanläggning;9;150;78;;Motala Ström;Skärblacka;Norrköpings;Östergötlands;58.57866;15.90685
Tåsjö;54000;13000;1;Rörturbin;Ovanjordsanläggning;14;135;62;262;Fjällsjöälven;Hoting;Strömsunds;Jämtlands;64.15971;16.00473
Skogaby;52000;12500;3;Francis;Ovanjordsanläggning;12.2;130;;;Lagan;Skogaby;Laholms;Hallands;56.51946;13.18111
Ätrafors;52000;13000;3;Francis;Ovanjordsanläggning;23.5;;;;Ätran;Askome;Falkenbergs;Hallands;57.03404;12.66304
Lima;50000;13000;2;Kaplan;Ovanjordsanläggning;17;100;58;;Dalälven;Lima;Malung-Sälens;Dalarnas;60.79606;13.42477
Lindbyn;50000;11000;2;Kaplan;Ovanjordsanläggning;9;150;124;;Dalälven;Mockfjärd;Gagnef;Dalarnas;60.51341;14.99057
Rottnen;50000;17000;1;Kaplan;Underjordsanläggning;43;45;;;Rottnan;Rottneros;Sunne;Värmlands;59.79406;13.11304
Hallstahammar;49500;15000;1;Kaplan;Underjordsanläggning;29.7;60;27;;Kolbäcksån;Hallstahammar;Hallstahammar;Västmanlands;59.62002;16.20967
Edsforsen;49000;9000;2;Kaplan;Ovanjordsanläggning;7;190;;;Klarälven;Edebäck;Hagfors;Värmlands;60.06537;13.52601
Bodum;49000;12000;1;Rörturbin;Ovanjordsanläggning;6.5;220;117;21;Fjällsjöälven;Rossön;Strömsunds;Jämtlands;63.89067;16.28335
Hummelforsen;45000;10700;1;Kaplan;Ovanjordsanläggning;19;64;73;;Dalälven;Vansbro;Vansbro;Dalarnas;60.45140;14.14508
Anjan;44000;25000;1;Francis;Underjordsanläggning;40;72;15;210;Indalsälven;Anjehem;Åre;Jämtlands;63.68061;12.80818
Majenfors;44000;10900;4;3 Francis, 1 Kaplan;Ovanjordsanläggning;10.6;124;;;Lagan;Majenfors;Markaryds;Kronobergs;56.49710;13.45490
Huskvarna;42000;15000;2;Francis;Underjordsanläggning;116;16;;;Huskvarnaån;Huskvarna;Jönköpings;Jönköpings;57.78684;14.28378
Eldforsen;41000;8500;1;Kaplan;Ovanjordsanläggning;10;100;74;;Dalälven;Eldforsen;Vansbro;Dalarnas;60.43820;14.22900
Motala;41000;12000;3;Francis;Ovanjordsanläggning;15.3;105;41;;Motala Ström;Motala;Motala;Östergötlands;58.54698;15.07126
Karåsforsen;40000;12500;2;Francis;Ovanjordsanläggning;22.5;;;;Svartälven;Karlskoga;Karlskoga;Örebro;59.36778;14.59216
Malgomaj;40000;10000;1;Rörturbin;Ovanjordsanläggning;9;140;74;554;Ångermanälven;Vilhelmina;Vilhelminas;Västerbottens;64.64866;16.50788
Skogsforsen;38100;9000;2;kaplan;Ovanjordsanläggning;14;;;;Ätran;Ätran;Falkenbergs;Hallands;57.09436;12.86852
Skåpanäs;36176;11000;1;Kaplan;Ovanjordsanläggning;18;;;;Ätran;Skåpanäs;Svenljunga;Västra Götalands;57.18935;12.96748
Laholm;36000;11300;1;Kaplan;Ovanjordsanläggning;8;180;;;Lagan;Laholm;Laholms;Hallands;56.51567;13.04998
Ledinge;36000;10000;1;Francis;Underjordsanläggning;74;20;6.9;;Ledingsån;Långsele;Sollefteå;Västernorrlands;63.13913;16.86648
Tvärforsen;35800;9000;1;Francis;Underjordsanläggning;90;;12;;Svågan;Brännås;Hudiksvalls;Gävleborgs;62.08396;16.22398
Knäred övre;35000;7500;3;Francis;Ovanjordsanläggning;10;109;;;Lagan;Knäred;Laholms;Hallands;56.50717;13.35109
Kymmen;34000;55000;1;Francis;Underjordsanläggning, pumpkraftverk;88;77;;;Rottnan;Gräsmark;Sunne;Värmlands;59.92696;12.89611
